No,supplier,barcode,name,quantity,cost,price,alert_quantity,batch_number
19,KAPPER KKY,1000135,WALKAROO LADIES,3,"1,300.00","2,499.00",0,21102024
24,INDIKA GALAGEDARA,1000147,INDIAN TWO STEP,14,"1,250.00","1,999.00",5,13022023
27,KAPPER KKY,1000149,BIG BOSS BATA,11,750.00,"1,199.00",0,21102024
34,SITHU GARMENT,1000183,CINDY LOAFER 9-12,1,450.00,699.00,5,14022023
35,SITHU GARMENT,1000184,CINDY LOAFER 6-9,2,450.00,699.00,5,14022023
57,NEW FASHION,1000385,NEW FASHION 5224 BR - 374,1,"1,250.00","2,299.00",5,19022023
59,NEW FASHION,1000391,NEW FASHION 224 BG- 382,1,"1,350.00","2,399.00",5,19022023
60,NEW FASHION,1000392,NEW FASHION 224 GY- 383,1,"1,350.00","2,399.00",5,19022023
61,NEW FASHION,1000401,NEW FASHION 227 TN - 408,1,"1,450.00","2,499.00",5,19022023
62,NEW FASHION,1000402,NEW FASHION 227 MR - 409,1,"1,450.00","2,499.00",5,19022023
64,NEW FASHION,1000405,NEW FASHION 3521 BG - 415,1,"1,400.00","2,499.00",5,19022023
65,NEW FASHION,1000406,NEW FASHION 3521 BL - 416,1,"1,400.00","2,499.00",5,19022023
67,NEW FASHION,1000408,NEW FASHION 230 MR - 418,1,"1,450.00","2,499.00",5,19022023
68,NEW FASHION,1000409,NEW FASHION 4128 LB - 419,1,975.00,"1,799.00",5,19022023
73,NEW FASHION,1000423,NEW FASHION 3789 GY - 434,1,"1,950.00","3,399.00",5,19022023
74,NEW FASHION,1000424,NEW FASHION 3789 BL - 435,1,"1,950.00","3,399.00",5,19022023
75,NEW FASHION,1000426,NEW FASHION 3789 BR - 437,1,"1,950.00","3,399.00",5,19022023
76,NEW FASHION,1000428,NEW FASHION 5234MR 440,1,"1,750.00","2,999.00",5,19022023
80,NEW FASHION,1000437,NEW FASHION 3781GY 452,1,"1,950.00","3,399.00",5,19022023
81,NEW FASHION,1000443,NEW FASHION R017BL 459,1,"1,650.00","2,899.00",5,19022023
82,NEW FASHION,1000444,NEW FASHION 099GY 460,1,"1,900.00","3,399.00",5,19022023
83,NEW FASHION,1000445,NEW FASHION 224BL 461,1,"1,950.00","3,399.00",5,19022023
85,KAPPER KKY,1000449,VTREK 6058,1,"1,499.00","2,499.00",0,24102024
94,WAMIK KVC,1000481,KVC 33292 BR - 8-12,1,"1,440.00","2,299.00",0,21102024
103,WAMIK KVC,1000501,KVC 33022 BR - 7-10,1,990.00,"1,899.00",5,21022023
105,WAMIK KVC,1000503,KVC 8820 TN - 7-10,1,990.00,"1,899.00",5,21022023
108,WAMIK KVC,1000508,KVC 33292 BR - 7-10,1,"1,840.00","2,899.00",5,21022023
113,WAMIK KVC,1000514,KVC 33011 BR - 7-10,1,"1,040.00","2,899.00",5,21022023
114,WAMIK KVC,1000519,KVC 33266 TN - 7-10,1,"1,840.00","2,899.00",5,21022023
119,WAMIK KVC,1000530,KVC 33221 BR - 7-10,2,"1,840.00","2,899.00",5,21022023
120,KAPPER KKY,1000531,VTREK TN,1,"1,800.00","2,699.00",5,21022023
121,KAPPER KKY,1000532,VTREK BR,1,"1,700.00","2,699.00",5,21022023
122,KAPPER KKY,1000533,VTREK BL 6064,1,"1,700.00","2,699.00",5,21022023
126,STEPS AKURANA,1000560,MI CIASSOC PARTY SHOE-BL-L88,6,"2,250.00","3,599.00",3,22022023
128,WAMIK KVC,1000575,KVS LEDIES 1401 - BG BL,3,"1,540.00","2,599.00",0,24102024
130,WAMIK KVC,1000596,KVC SANDALS 11520BR-6-10,2,840.00,"1,900.00",0,24102024
131,WAMIK KVC,1000597,KVC SANDALS 6-10-11523RD BL,3,900.00,"1,900.00",0,24102024
132,WAMIK KVC,1000598,KVC SANDALS 6-10-11520BU GY,2,900.00,"1,900.00",0,24102024
133,WAMIK KVC,1000599,KVC SANDALS 6-10-11523 GY,5,900.00,"1,900.00",0,24102024
134,WAMIK KVC,1000600,KVC SANDALS 6-10-11523 GY OR,5,900.00,"1,900.00",3,27022023
135,WAMIK KVC,1000601,KVC SANDALS 6-10-11523 BU BL,5,900.00,"1,900.00",0,24102024
136,WAMIK KVC,1000602,KVC SANDALS 8-12-11523 BR,1,950.00,"2,000.00",0,24102024
137,WAMIK KVC,1000603,KVC SANDALS 8-12-11523 BL BG,9,950.00,"2,000.00",0,24102024
138,WAMIK KVC,1000604,KVC SANDALS 8-12-11523 BG BR,5,950.00,"2,000.00",3,27022023
139,WAMIK KVC,1000605,KVC SANDALS 8-12-11537 BG GR,5,950.00,"2,000.00",0,24102024
144,KKY - ROYAL,1000676,CHARM  BLACK COURT SHOE,2,"1,450.00","2,500.00",3,28022023
148,SIRIZ MAWANELLA,1000797,TWO TONE SOCKS - M,45,170.00,399.00,0,26102024
149,SILVER SHIELD - SOCKS,1000798,TWO TONE SOCKS - L,53,210.00,399.00,0,26102024
150,SILVER SHIELD - SOCKS,1000799,BLACK SOCKS - S,40,150.00,350.00,0,26102024
151,SILVER SHIELD - SOCKS,1000800,BLACK SOCKS - CM,4,150.00,350.00,0,26102024
155,SILVER SHIELD - SOCKS,1000810,NORMAL BLACK SOCKS - M,4,100.00,250.00,0,26102024
156,SILVER SHIELD - SOCKS,1000811,NORMAL BLACK SOCKS - L,3,100.00,250.00,0,26102024
157,SILVER SHIELD - SOCKS,1000812,NORMAL WHITE SOCKS - M,15,100.00,250.00,0,26102024
159,SILVER SHIELD - SOCKS,1000816,GIRLS FASHION SOCKS - 4-7,7,150.00,350.00,0,26102024
160,SILVER SHIELD - SOCKS,1000818,BAYA SOCKS PYAR - 0-3,2,200.00,450.00,0,26102024
161,SILVER SHIELD - SOCKS,1000819,N H Z CHILDREN SOCKS -4-8,7,150.00,300.00,0,26102024
162,SILVER SHIELD - SOCKS,1000821,GIRLS FASHION SOCKS -W T -16-18,14,125.00,350.00,0,26102024
163,SILVER SHIELD - SOCKS,1000822,GIRLS FASHION SOCKS -W T -14-16,19,150.00,350.00,0,26102024
164,SILVER SHIELD - SOCKS,1000823,GIRLS FASHION SOCKS -M T 14-16,12,150.00,350.00,0,26102024
165,SILVER SHIELD - SOCKS,1000824,GIRLS FASHION SOCKS -M T 18-16,10,150.00,350.00,0,26102024
167,ALI AKBAR,1000917,PARCILON PAINITE - 50ML,1,"2,810.50","3,850.00",1,13032023
168,ALI AKBAR,1000919,PARCILON ODYSSEY - 50ML,1,"2,810.50","3,850.00",1,13032023
171,NEW FASHION,1000938,NEW FASHION 099BR - 464,1,"1,850.00","3,400.00",2,22032023
172,NEW FASHION,1000939,NEW FASHION 099BU - 465,1,"1,850.00","3,400.00",2,22032023
173,NEW FASHION,1000940,NEW FASHION 099GY - 466,1,"1,850.00","3,400.00",2,22032023
174,NEW FASHION,1000941,NEW FASHION 099MR - 467,1,"1,850.00","3,400.00",2,22032023
175,NEW FASHION,1000942,NEW FASHION 1733BL - 468,1,"1,750.00","3,300.00",2,22032023
176,NEW FASHION,1000943,NEW FASHION 4124BL - 469,1,"1,650.00","3,200.00",2,22032023
177,NEW FASHION,1000944,NEW FASHION 4124BU - 470,1,"1,650.00","3,200.00",2,22032023
178,NEW FASHION,1000945,NEW FASHION D72 GD - 471,1,"2,300.00","3,900.00",2,22032023
180,NEW FASHION,1000948,NEW FASHION 1753 BL - 474,1,"1,650.00","3,200.00",4,22032023
181,NEW FASHION,1000949,NEW FASHION 1753 BU - 475,1,"1,650.00","3,200.00",2,22032023
182,KAPPER KKY,1000950,NEW FASHION LH 18 - 476,1,"1,900.00","3,500.00",2,22032023
183,NEW FASHION,1000953,NEW FASHION 4132 BL - 479,1,"1,650.00","3,200.00",2,22032023
184,NEW FASHION,1000955,NEW FASHION 4132 BU - 481,1,"1,650.00","3,200.00",2,22032023
185,NEW FASHION,1000957,NEW FASHION 5233BL - 483,1,"1,700.00","3,300.00",2,22032023
186,NEW FASHION,1000959,NEW FASHION 5233PK - 485,1,"1,700.00","3,300.00",2,22032023
187,NEW FASHION,1000960,NEW FASHION LH28 BR - 486,1,"1,900.00","3,450.00",2,22032023
188,NEW FASHION,1000961,NEW FASHION 431 MR - 487,1,"1,850.00","3,400.00",2,22032023
189,NEW FASHION,1000963,NEW FASHION D15 SIL - 489,1,"2,150.00","3,800.00",2,22032023
190,NEW FASHION,1000964,NEW FASHION 5235 BL - 490,1,"1,700.00","3,300.00",2,22032023
191,NEW FASHION,1000965,NEW FASHION 5235 BR - 491,1,"1,700.00","3,300.00",2,22032023
192,NEW FASHION,1000966,NEW FASHION 5235 GY - 492,1,"1,700.00","3,300.00",2,22032023
193,NEW FASHION,1000967,NEW FASHION 5235 TN - 493,1,"1,700.00","3,300.00",2,22032023
194,NEW FASHION,1000968,NEW FASHION 3902 BL - 494,1,"1,700.00","3,300.00",2,22032023
195,NEW FASHION,1000971,NEW FASHION 5237BG - 497,1,"1,700.00","3,300.00",2,22032023
196,NEW FASHION,1000972,NEW FASHION 5237BL - 498,1,"1,700.00","3,300.00",2,22032023
197,NEW FASHION,1000973,NEW FASHION 5237BR - 499,1,"1,700.00","3,300.00",2,220232023
198,NEW FASHION,1000974,NEW FASHION 3798 BG - 500,1,"1,900.00","3,450.00",2,22032023
199,NEW FASHION,1000975,NEW FASHION 3798 BR - 501,1,"1,900.00","3,450.00",2,22032023
200,NEW FASHION,1000976,NEW FASHION 3798 BU - 502,1,"1,900.00","3,450.00",2,22032023
201,NEW FASHION,1000977,NEW FASHION 3798 PK - 503,1,"1,900.00","3,450.00",2,22032023
202,NEW FASHION,1000978,NEW FASHION 3798 TN - 504,1,"1,900.00","3,450.00",2,22032023
203,NEW FASHION,1000981,NEW FASHION 437 BG - 507,1,"1,850.00","3,400.00",2,22032023
204,NEW FASHION,1000982,NEW FASHION 437 BL - 508,1,"1,850.00","3,400.00",2,22032023
205,NEW FASHION,1000983,NEW FASHION 437 BR - 509,1,"1,850.00","3,400.00",2,22032023
206,NEW FASHION,1000984,NEW FASHION 437 BU - 510,1,"1,850.00","3,400.00",2,22032023
207,NEW FASHION,1000986,NEW FASHION 5238 BR - 512,1,"1,700.00","3,300.00",2,22032023
208,NEW FASHION,1000987,NEW FASHION 5238 GY - 513,1,"1,700.00","3,300.00",2,22032023
209,NEW FASHION,1000988,NEW FASHION 5238 TN - 514,1,"1,700.00","3,300.00",2,22032023
210,MINHATH,1001017,MUSIC SOHE KIDS 2 - PK,1,"1,575.00","2,850.00",2,26032023
211,MINHATH,1001020,MUSIC SOHE KIDS 5 - PK,1,"1,575.00","2,850.00",2,26032023
212,MINHATH,1001022,MUSIC SOHE KIDS 7 - PK,1,"1,575.00","2,850.00",2,26032023
213,MINHATH,1001023,MUSIC SOHE KIDS 8 - PU,1,"1,575.00","2,850.00",2,26032023
214,MINHATH,1001024,MUSIC SOHE KIDS 9 - TOY,1,"1,575.00","2,850.00",2,26032023
215,MINHATH,1001025,MUSIC SOHE KIDS 10 - AMCK,1,"1,575.00","2,850.00",2,26032023
216,MINHATH,1001027,MUSIC SOHE KIDS 12 - GD,1,"1,575.00","2,850.00",2,05042023
217,MY FRESH,1001044,MY FRESH LAVENDERA 150ML,1,247.00,290.00,1,29032023
218,MY FRESH,1001045,MY FRESH E . ROSE 150ML,1,247.00,290.00,1,29032023
219,BELT NANA CO,1001046,GENUINE LEATHER WALLET,1,"1,250.00","2,150.00",0,30032023
220,BELT NANA CO,1001047,GENUINE LEATHER WALLET,1,950.00,"1,950.00",0,30032023
221,BELT NANA CO,1001048,LOCK GENTS BELT,1,750.00,"1,400.00",2,30032023
223,SILVER SHIELD - SOCKS,1001119,CAMEL SOCKS ,2,220.00,499.00,0,26102024
224,SANFU TRADING KKY,1001151,SANFU BC791 -BL BU 8-13,1,"1,290.00","2,200.00",0,24102024
225,SANFU TRADING KKY,1001153,SANFU BC202 -BR BG 8-13,1,"1,290.00","2,200.00",2,02042023
226,SANFU TRADING KKY,1001155,SANFU BC202 -BL BU 8-13,1,"1,290.00","2,200.00",0,24102024
227,SANFU TRADING KKY,1001168,SANFU LFC 411 BR,3,"1,400.00","2,250.00",0,21102024
228,SANFU TRADING KKY,1001172,SANFU CD 809 TN TN,1,"1,690.00","2,600.00",2,02042023
230,SANFU TRADING KKY,1001175,SANFU CD 805 BL,2,"1,690.00","2,600.00",2,02042023
231,SANFU TRADING KKY,1001176,SANFU CD 810 TN TN,1,"1,690.00","2,600.00",2,02042023
233,SANFU TRADING KKY,1001178,SANFU CD 810 BR MR,1,"1,690.00","2,600.00",0,02042023
234,SANFU TRADING KKY,1001180,SANFU CD 785 BR BR,1,"1,690.00","2,600.00",2,02042023
235,NEW FASHION,1001191,NEW FASHION 3520 MR - 405,1,"1,950.00","2,399.00",1,04042023
236,WAMIK KVC,1001238,KVC  55801 BL -8-15,3,"1,440.00","2,300.00",0,24102024
237,WAMIK KVC,1001239,KVC  55801 BR - 13,1,"1,440.00","2,300.00",0,24102024
239,WAMIK KVC,1001274,KVC  22624 BR BR - 11,1,"2,040.00","3,400.00",1,10042023
240,WAMIK KVC,1001281,KVC  33057 BR BR - 7-10,1,"1,840.00","2,900.00",2,10042023
241,WAMIK KVC,1001282,KVC  33221 BL - 7-10,1,"1,840.00","2,900.00",2,10042023
242,WAMIK KVC,1001285,KVC  55995 TN - 7-10,1,"1,840.00","2,900.00",1,10042023
244,WAMIK KVC,1001287,KVC  33015 TN - 7-10,2,"1,840.00","2,900.00",2,10042023
245,WAMIK KVC,1001289,KVC  33649 BL - 7-10,1,"1,840.00","2,900.00",1,10042023
246,WAMIK KVC,1001290,KVC  22649 BR - 7-10,1,"1,840.00","2,900.00",1,10042023
247,SILVER SHIELD - SOCKS,1001292,NIKE SPORT HALF SOCKS ,21,350.00,599.00,0,26102024
248,SILVER SHIELD - SOCKS,1001293,NIKE SPORT FEET SOCKS ,25,350.00,599.00,0,26102024
249,SILVER SHIELD - SOCKS,1001294,GIRLS FASHION SOCKS - 4-7,14,300.00,499.00,0,26102024
250,RS RILWAN,1001306,CHILDREN COURT SHOE - PK,1,"1,400.00","2,900.00",2,15042023
251,RS RILWAN,1001307,CHILDREN COURT SHOE - GD,1,"1,400.00","2,900.00",2,15042023
252,IRSHAD,1001313,LADIES WALLETS -32,2,800.00,"1,749.00",1,17042023
253,IRSHAD,1001405,BACK BAG INDIA,5,"2,150.00","3,999.00",1,26042023
254,KAPPER KKY,1001420,ATTA CHAPPAL 1-6,4,850.00,"1,699.00",0,21102024
255,MA CADHER EARUR SHOE,1001431,OFFICIAL SHOE - 1010 BL,32,"2,100.00","3,750.00",0,10052023
256,MA CADHER EARUR SHOE,1001432,OFFICIAL SHOE - 1020 BL,2,"2,250.00","3,750.00",0,10052023
257,MA CADHER EARUR SHOE,1001433,OFFICIAL SHOE - 1030 BL,2,"2,250.00","3,750.00",1,10052023
258,MA CADHER EARUR SHOE,1001434,OFFICIAL SHOE - 1040 BL,3,"2,250.00","3,750.00",1,10052023
259,MA CADHER EARUR SHOE,1001435,OFFICIAL SHOE - PM - BL,2,"2,250.00","3,750.00",0,10052023
260,IRSHAD,1001450,GOLD LADIES WALLETS,2,"1,150.00","2,399.00",1,14052023
261,MA CADHER EARUR SHOE,1001453,WESTERN BOYS SHOE - BL,8,"1,750.00","3,250.00",1,16052023
262,SATHATH SIR,1001480,825004-02BLK 10,4,"1,250.00","2,199.00",0,22102024
263,MOHAMMED ASWAN - VV,1001489,LED FASHION SHOE - BL,1,"2,600.00","5,399.00",1,12062023
264,MOHAMMED ASWAN - VV,1001490,LED FASHION SHOE - WT,1,"2,600.00","5,399.00",1,12062023
265,MINHATH,1001515,WALKAROO  SOFT - GN,8,"1,500.00","2,499.00",0,21102024
266,MINHATH,1001518,WALKAROO 2335 - GN,6,"1,650.00","2,799.00",0,21102024
267,MINHATH,1001521,VKC EEZY LE 1305- PK,5,"1,650.00","2,799.00",0,21102024
268,RS RILWAN,1001537,BOYS GAMBOL TWO STEP - BR,2,775.00,"1,450.00",0,24102024
269,RS RILWAN,1001539,BOYS GAMBOL TWO STEP - BL,2,775.00,"1,450.00",0,24102024
270,RS RILWAN,1001544,LADIES CHAPPL FLOWER - PK,3,775.00,"1,499.00",0,24102024
271,RS RILWAN,1001555,MUSIC SHOE - 10 - BU,3,"1,950.00","3,499.00",1,21062023
272,RS RILWAN,1001556,MUSIC SHOE - 10 - GY,1,"1,950.00","3,499.00",0,24102024
273,RS RILWAN,1001561,BATMAN SANDALS 5-10 BU,1,"1,550.00","2,699.00",0,24102024
274,RS RILWAN,1001562,FILA SANDALS 5-10 RD,1,"1,550.00","2,699.00",0,24102024
275,KAPPER KKY,1001565,NIKE  CHAPPAL AIR MAX - WT,2,850.00,"1,699.00",0,24102024
276,EUERSOFT,1001574,EVERSOFT 12 SARI BATA - BU BU,2,"1,200.00","2,200.00",0,24102024
277,EUERSOFT,1001575,EVERSOFT 12 SARI BATA - BL BL,1,"1,200.00","2,200.00",0,24102024
278,INDIKA GALAGEDARA,1001600,ADIDAS SHOE INDIA - GN,1,"2,400.00","4,699.00",0,24102024
279,INDIKA GALAGEDARA,1001609,RUNNING NIKE SHOE INDIA - BL,1,"2,400.00","4,699.00",0,24102024
280,INDIKA GALAGEDARA,1001610,ARI GATO BOYS SHOE - BU,1,"2,400.00","4,899.00",0,21102024
282,INDIKA GALAGEDARA,1001611,ARI GATO BOYS SHOE - GY,1,"2,400.00","4,699.00",0,24102024
283,INDIKA GALAGEDARA,1001613,ARI GATO BOYS SHOE - L BU,1,"2,400.00","4,699.00",0,24102024
284,RS RILWAN,1001622,BACK BAG - L,3,"1,450.00","2,499.00",0,08092023
285,MA CADHER EARUR SHOE,1001623,CHINESE KIDS SHOE - BL,1,"1,700.00","2,999.00",0,24102024
286,MA CADHER EARUR SHOE,1001624,CHINESE KIDS SHOE - BU,2,"1,700.00","2,999.00",0,24102024
287,MA CADHER EARUR SHOE,1001625,CHINESE KIDS SHOE - GY,1,"1,700.00","2,999.00",0,24102024
288,WAMIK KVC,1001627,KVC 11029 BL - 7-10,2,"1,660.00","2,699.00",0,24102024
289,MAINSOR VKC,1001629, SCHOOL BAG - COLOMBIA,3,"2,000.00","3,899.00",2,14092023
290,MAINSOR VKC,1001630," SCHOOL BAG - C,EST",2,"1,850.00","3,899.00",2,14092023
291,MAINSOR VKC,1001631, SCHOOL BAG - GIVENCHY,2,"1,900.00","3,899.00",0,14092023
292,MAINSOR VKC,1001632, SCHOOL BAG - DIRUL,2,"1,900.00","3,899.00",0,14092023
293,MAINSOR VKC,1001633, SCHOOL BAG - CREEPER,4,"1,900.00","3,899.00",0,14092023
294,MA CADHER EARUR SHOE,1001635,OFFICIAL SHOE - PC - BL,3,"2,100.00","3,750.00",0,03102023
295,SILVER SHIELD - SOCKS,1001640,BOY SOCKS 3-7,6,250.00,449.00,0,26102024
296,SILVER SHIELD - SOCKS,1001641,BOY SOCKS 1-4,10,250.00,449.00,0,26102024
297,SILVER SHIELD - SOCKS,1001642,GIRL LACE SOCKS 18-20,9,280.00,499.00,0,26102024
298,SILVER SHIELD - SOCKS,1001643,GIRL LACE SOCKS 16-18,17,280.00,499.00,0,26102024
299,SILVER SHIELD - SOCKS,1001652,SPORTS WHITE SOCKS,4,170.00,499.00,0,26102024
300,SILVER SHIELD - SOCKS,1001653,DOUDI RABBIT BABY SOCKS,5,270.00,599.00,0,26102024
301,SILVER SHIELD - SOCKS,1001654,BAYA SOCKS PYAR ,2,350.00,699.00,0,26102024
302,SILVER SHIELD - SOCKS,1001655,BAYA SOCKS,3,170.00,350.00,0,26102024
303,KAPPER KKY,1001679,NIKE CHAPPAL - WT,1,"1,300.00","2,199.00",0,24102024
304,NEW FASHION,1001690,LEVOZI F 71 - BG - 515,1,"2,250.00","4,599.00",1,03112023
305,NEW FASHION,1001691,LEVOZI F 71 - BR - 516,1,"2,250.00","4,599.00",1,03112023
306,NEW FASHION,1001692,LEVOZI F 71 - GY - 517,1,"2,250.00","4,599.00",1,03112023
307,NEW FASHION,1001694,LEVOZI F 71 - PK - 519,1,"2,250.00","4,599.00",1,03112023
308,NEW FASHION,1001695,LEVOZI F 72 - BL - 520,1,"2,250.00","4,599.00",1,03112023
309,NEW FASHION,1001696,LEVOZI F 72 - BR - 521,1,"2,250.00","4,599.00",1,03112023
310,NEW FASHION,1001697,LEVOZI F 73 - BG - 522,1,"2,250.00","4,599.00",1,03112023
311,NEW FASHION,1001698,LEVOZI F 73 - BL - 523,1,"2,250.00","4,599.00",1,03112023
312,NEW FASHION,1001699,LEVOZI F 73 - BR - 524,1,"2,250.00","4,599.00",1,03112023
313,NEW FASHION,1001701,LEVOZI F 73 - MR- 526,1,"2,250.00","4,599.00",1,03112023
314,NEW FASHION,1001702,LEVOZI F 73 - PK- 527,1,"2,250.00","4,599.00",1,03112023
315,NEW FASHION,1001703,LEVOZI F 74 - BG- 528,1,"2,250.00","4,599.00",1,03112023
317,NEW FASHION,1001707,LEVOZI F 74 - MR- 532,1,"2,250.00","4,599.00",1,03112023
318,NEW FASHION,1001708,LEVOZI F 74 - PK- 533,1,"2,250.00","4,599.00",1,03112023
319,NEW FASHION,1001709,LEVOZI F 74 - BU- 534,1,"2,250.00","4,599.00",1,03112023
320,NEW FASHION,1001711,LEVOZI F 75 - BL- 536,1,"2,250.00","4,599.00",1,03112023
321,NEW FASHION,1001712,LEVOZI F 75 - BU- 537,1,"2,250.00","4,599.00",1,03112023
323,NEW FASHION,1001714,LEVOZI F 75 - MR- 539,1,"2,250.00","4,599.00",1,03112023
324,NEW FASHION,1001715,LEVOZI F 75 - PK- 540,1,"2,250.00","4,599.00",1,03112023
325,NEW FASHION,1001717,LEVOZI A 01 - BL - 542,1,"2,850.00","4,899.00",1,04112023
326,NEW FASHION,1001718,LEVOZI A 01 - BR - 543,1,"2,850.00","4,899.00",1,04112023
327,NEW FASHION,1001719,LEVOZI A 01 - BU - 544,1,"2,850.00","4,899.00",1,04112023
328,NEW FASHION,1001720,LEVOZI A 01 - TN - 545,1,"2,850.00","4,899.00",1,04112023
329,NEW FASHION,1001721,LEVOZI A 02 - BL - 546,1,"2,850.00","4,899.00",1,04112023
330,NEW FASHION,1001722,LEVOZI A 03 - BL - 547,1,"2,850.00","4,899.00",1,04112023
331,NEW FASHION,1001724,LEVOZI A 03 - BU - 549,1,"2,850.00","4,899.00",1,04112023
332,NEW FASHION,1001726,LEVOZI A 04 - BL - 551,1,"2,850.00","4,899.00",1,04112023
333,NEW FASHION,1001727,LEVOZI A 04 - BR - 552,1,"2,850.00","4,899.00",1,04112023
335,NEW FASHION,1001730,LEVOZI A 06 - BG - 555,1,"2,850.00","4,899.00",1,04112023
336,NEW FASHION,1001731,LEVOZI A 06 - BR - 556,1,"2,850.00","4,899.00",1,04112023
337,NEW FASHION,1001732,LEVOZI A 06 - TN - 557,1,"2,850.00","4,899.00",1,04112023
338,NEW FASHION,1001733,LEVOZI A 07 - BG - 558,1,"2,850.00","4,899.00",1,04112023
339,NEW FASHION,1001734,LEVOZI A 07 - BL - 559,1,"2,850.00","4,899.00",1,04112023
340,NEW FASHION,1001735,LEVOZI A 07 - TN - 560,1,"2,850.00","4,899.00",1,04112023
341,NEW FASHION,1001736,LEVOZI A 08 - BL - 561,1,"2,850.00","4,899.00",1,04112023
342,NEW FASHION,1001737,LEVOZI A 08 - BR - 562,1,"2,850.00","4,899.00",1,04112023
343,NEW FASHION,1001739,LEVOZI A 09 - BR - 564,1,"2,850.00","4,899.00",1,04112023
344,NEW FASHION,1001740,LEVOZI A 09 - OWT - 565,1,"2,850.00","4,899.00",1,04112023
345,NEW FASHION,1001741,LEVOZI A 09 - TN - 566,1,"2,850.00","4,899.00",1,04112023
346,NEW FASHION,1001742,LEVOZI A 10 - BL - 567,1,"2,850.00","4,899.00",1,04112023
347,RS RILWAN,1001753,PRO FESSIONAL BAG,3,"1,500.00","2,399.00",0,15112023
348,RS RILWAN,1001754,SCHOOL BAG - S,16,"1,550.00","2,599.00",0,15112023
349,RS RILWAN,1001755,SIDE BAG - NEW,4,"1,150.00","1,999.00",1,15112023
350,SATHATH SIR,1001769,836518-02BLK,1,"1,150.00","2,299.00",0,24102024
351,SATHATH SIR,1001770,836014-02BLK,1,"1,300.00","2,399.00",0,24102024
352,SATHATH SIR,1001776,8255001-02BLU- M,2,"1,000.00","1,999.00",0,24102024
353,SATHATH SIR,1001778,8255001-02BLU- XL,2,"1,200.00","2,199.00",0,24102024
354,SATHATH SIR,1001779,8255002-02BLU- XL,2,"1,200.00","2,199.00",0,24102024
356,SATHATH SIR,1001783,8255002-02BLU- M,2,"1,000.00","1,999.00",0,24102024
357,SATHATH SIR,1001784,8255002-02MRN- M,2,"1,000.00","1,999.00",0,24102024
359,SATHATH SIR,1001786,8255002-02BLU- S,2,900.00,"1,999.00",0,24102024
360,LIBERTY SHOE - KANDY,1001787,GENTS CHAPPAL 1867,1,990.00,"2,199.00",0,24102024
361,LIBERTY SHOE - KANDY,1001790,GENTS CHAPPAL M2S 21770,9,975.00,"2,199.00",0,24102024
362,LIBERTY SHOE - KANDY,1001791,GENTS CHAPPAL  21770,12,990.00,"2,199.00",0,24102024
363,RS RILWAN,1001798,TOMMY FINGER SLEEPER - BL,1,975.00,"1,899.00",1,05122023
364,RS RILWAN,1001799,TOMMY FINGER SLEEPER - BU,1,975.00,"1,899.00",1,05122023
365,RS RILWAN,1001800,TOMMY FINGER SLEEPER - BR,1,975.00,"1,899.00",1,05122023
366,RS RILWAN,1001801,TOMMY FINGER SLEEPER - TN,1,975.00,"1,899.00",1,05122023
367,SILVER SHIELD - SOCKS,1001810, MENS SOCKS,4,300.00,599.00,0,26102024
368,SILVER SHIELD - SOCKS,1001811,CLASSIC MENS SOCKS,2,300.00,599.00,0,26102024
369,SILVER SHIELD - SOCKS,1001812, MEN S FASHION  SOCKS,17,300.00,599.00,0,26102024
370,SILVER SHIELD - SOCKS,1001813,FASHION GIRLC COCKS  - 8-10,12,350.00,549.00,0,26102024
371,ASMATHUIIA,1001818,ABAYA SHOE APTUS- BY RS,4,"2,450.00","4,499.00",1,19122023
372,ASMATHUIIA,1001821,RUN FAST DEATH SHOE - BU,1,"2,650.00","5,699.00",0,24102024
373,ASMATHUIIA,1001823,CANVAS SHOE PUMA - BL,2,"3,200.00","5,899.00",0,24102024
374,ASMATHUIIA,1001825,CANVAS SHOE TOMMY - BU,1,"3,200.00","5,699.00",0,24102024
375,ASMATHUIIA,1001827,CANVAS SHOE NIKE - GY-BU,1,"3,200.00","5,899.00",0,24102024
376,ASMATHUIIA,1001829,CANVAS SHOE NIKE - RD-BU,1,"3,200.00","5,899.00",0,24102024
377,ASMATHUIIA,1001830,NIKE GOLD DEATH SHOE,1,"2,650.00","5,699.00",0,24102024
378,ASMATHUIIA,1001833,DEATH SHOE - GN,1,"2,650.00","5,699.00",0,24102024
379,MA CADHER EARUR SHOE,1001838,WESTERN BOYS SHOE - BL,18,"1,750.00","3,299.00",0,24122023
380,SATHATH SIR,1001840,836518-02BRO,1,"1,200.00","2,299.00",0,24102024
381,SATHATH SIR,1001841,836518-02TAN,1,"1,200.00","2,299.00",0,24102024
382,SATHATH SIR,1001843,826000-02BLU,1,"1,250.00","2,299.00",0,24102024
383,MAINSOR VKC,1001844,BOYS PARTY SHOE - AC-BL,7,"1,300.00","2,699.00",0,25122023
384,SATHATH SIR,1001846,846504-02RED,1,"1,250.00","2,299.00",0,24102024
385,SATHATH SIR,1001853,826508-02TAN,1,"1,150.00","1,999.00",0,24102024
386,SATHATH SIR,1001854,856512-02GRY,1,"1,020.00","1,999.00",0,24102024
387,SATHATH SIR,1001855,856512-02PNK,1,"1,020.00","1,999.00",0,24102024
388,SATHATH SIR,1001856,826507-02MRN,1,"1,170.00","2,199.00",0,24102024
390,ASMATHUIIA,1001857,PTUS INDIYN LADIES SHOE- PK-1,1,"2,850.00","4,999.00",0,21102024
391,ASMATHUIIA,1001858,PVR GOLD INDIYN LADIES SHOE- PK-2,4,"2,850.00","4,999.00",0,24102024
392,ASMATHUIIA,1001860,PVR GOLD INDIYN LADIES SHOE- GY-1,1,"2,850.00","4,999.00",0,24102024
393,ASMATHUIIA,1001861,PTUS INDIYN LADIES SHOE- BU-1,1,"2,850.00","4,999.00",0,24102024
395,ASMATHUIIA,1001865,SUPERSTAR ANKIL SHOE- GN,1,"3,800.00","6,999.00",0,24102024
396,ASMATHUIIA,1001867,SUPERSTAR ANKIL SHOE- GY,1,"3,800.00","6,999.00",0,21102024
397,ASMATHUIIA,1001868,SUPERSTAR ANKIL SHOE- BL,1,"3,800.00","6,999.00",0,24102024
398,ASMATHUIIA,1001870,PLAY KICK DEATH SHOE - BL,1,"3,800.00","7,299.00",0,24102024
399,ASMATHUIIA,1001872,PLAY KICK DEATH SHOE - L BU,1,"3,800.00","7,299.00",0,24102024
400,ASMATHUIIA,1001873,PLAY KICK DEATH SHOE - N BU,1,"3,800.00","7,299.00",0,24102024
401,SATHATH SIR,1001875,843500-20-BLU,1,"1,220.00","2,199.00",0,24102024
402,LIBERTY SHOE - KANDY,1001883,GENTS CHAPPAL 255L-990,3,990.00,"2,199.00",0,24102024
405,LIBERTY SHOE - KANDY,1001885,LADIES SANDLE 9972L-945,15,945.00,"2,099.00",0,24102024
406,LIBERTY SHOE - KANDY,1001886,LADIES LARGE 1206L-945,1,945.00,"2,099.00",0,24102024
407,LIBERTY SHOE - KANDY,1001887,GENTS TWO STRAP 166-975,8,975.00,"2,199.00",1,24012024
409,LIBERTY SHOE - KANDY,1001888,LADIES SANDLE 3613-1190,2,"1,190.00","2,299.00",0,24102024
410,LIBERTY SHOE - KANDY,1001890,LADIES LARGE AB006-650,5,650.00,"1,499.00",1,21102024
411,LIBERTY SHOE - KANDY,1001891,RED APPLE CHAPPAL A100-490,4,490.00,"1,499.00",0,24102024
414,LIBERTY SHOE - KANDY,1001905,TOURCE UMBRELLA-025-868 - BL,7,740.00,"1,190.00",0,22102024
415,LIBERTY SHOE - KANDY,1001906,TOURCE UMBRELLA-015-722 - BL,8,740.00,990.00,0,22102024
416,LIBERTY SHOE - KANDY,1001907,TOURCE UMBRELLA-019-788 - CR,6,740.00,"1,080.00",0,22102024
417,LIBERTY SHOE - KANDY,1001908,TOURCE UMBRELLA-011-656 - CR,5,740.00,990.00,0,22102024
418,LIBERTY SHOE - KANDY,1001911,TOURCE UMBRELLA-021-876 - CR,6,740.00,"1,200.00",0,22102024
419,LIBERTY SHOE - KANDY,1001912,TOURCE UMBRELLA-031-722 - CR,4,722.70,990.00,0,27012024
420,LIBERTY SHOE - KANDY,1001913,TOURCE UMBRELLA-035-795 - CR,5,975.70,"1,090.00",0,27012024
421,LIBERTY SHOE - KANDY,1001914,TOURCE UMBRELLA-043-1043 - CR,3,"1,043.90","1,430.00",0,27012024
422,MIRSHATH AB KKY,1001915,AB - BOYS TWO STEP-8787-880 SL,13,880.00,"1,499.00",0,24102024
423,ASMATHUIIA,1001930,SPORTS NIKE INDIA- BL GY 02,1,"3,850.00","7,399.00",0,24102024
424,ASMATHUIIA,1001931,SPORTS NIKE INDIA- GY BL 03,3,"3,850.00","7,399.00",1,01022024
426,SABRIN EARUR,1001955,NURCESSORY BAG,3,"1,700.00","2,599.00",0,25102024
428,KAPPER KKY,1001964,EVEREST FLAT TO STOP- BR,4,650.00,"1,299.00",0,24102024
429,KAPPER KKY,1001965,EVERSOFT 01 - 8-10-BU,1,945.00,"1,699.00",0,24102024
430,KAPPER KKY,1001967,VANS SCHOOL BAG,7,"1,300.00","2,299.00",0,25102024
431,ASMATHUIIA,1001972,ADIDAS LEDIES SHOE - GN - 03,1,"3,100.00","5,999.00",0,24102024
433,ASMATHUIIA,1001973,ADIDAS LEDIES SHOE - GY - 04,1,"3,100.00","5,999.00",0,21102024
434,ASMATHUIIA,1001975,NIKE  LEDIES SHOE - GY - 06,1,"3,100.00","6,399.00",0,24102024
435,ASMATHUIIA,1001976,NIKE  LEDIES SHOE - PK WT - 07,1,"3,100.00","6,399.00",0,24102024
436,ASMATHUIIA,1001977,NIKE  LEDIES SHOE - PK  - 08,1,"3,100.00","6,399.00",0,24102024
437,ASMATHUIIA,1001978,NIKE  LEDIES SHOE - PK GY  - 09,1,"3,100.00","6,399.00",0,24102024
438,ASMATHUIIA,1001979,NIKE  LEDIES SHOE - GY PK  - 10,1,"3,100.00","6,399.00",0,24102024
439,RS RILWAN,1001980,SCHOOL BAG -L,10,"1,700.00","2,599.00",0,25102024
440,KAPPER KKY,1001985,CHINESE BATA SS,9,690.00,"1,099.00",0,03102024
441,KAPPER KKY,1001986,FINE RICH SANDALS-700-MR,7,700.00,"1,399.00",0,27102024
442,KAPPER KKY,1001987,FINE RICH C-700-PR,5,700.00,"1,399.00",0,24102024
443,SATHATH SIR,1001989,826006-02BRO,1,"1,220.00","2,299.00",0,24102024
444,SATHATH SIR,1001990,826006-02MRN,5,"1,220.00","2,299.00",1,22022024
446,KAPPER KKY,1002000,PUMA BAG L,1,"1,700.00","2,699.00",0,24102024
447,KAPPER KKY,1002001,SWISSGEAR BAG L,4,"1,700.00","2,699.00",0,25102024
449,KAPPER KKY,1002006,FINE RICH  01-1070-MR,1,"1,070.00","2,299.00",0,24102024
450,KAPPER KKY,1002007,FINE RICH  02-1070-MR,1,"1,070.00","2,299.00",0,24102024
451,KAPPER KKY,1002008,FINE RICH  02-1070-BU,1,"1,070.00","2,299.00",0,24102024
452,KAPPER KKY,1002010,FINE RICH  02-1070-BR,1,"1,070.00","2,299.00",0,24102024
453,KAPPER KKY,1002018,EVERSOFT CHAPPAL -GY 1,7,"1,200.00","2,299.00",0,24102024
454,KAPPER KKY,1002019,LADIES BATA N,29,300.00,599.00,0,24102024
455,ASMATHUIIA,1002022,INDIANS COOBY BOYS SHOE -7-10-TN,1,"2,800.00","5,399.00",0,24102024
456,ASMATHUIIA,1002025,INDIANS COOBY BOYS SHOE -7-10-BL,1,"2,800.00","5,399.00",0,24102024
457,ASMATHUIIA,1002032,PVR GOLD INDIYN LADIES SHOE- PK-3,1,"2,850.00","4,999.00",0,24102024
458,ASMATHUIIA,1002033,LIZA INDIYN LADIES SHOE-BU-3,1,"2,850.00","4,999.00",0,25102024
459,ASMATHUIIA,1002034,AIR LION INDIYN LADIES SHOE-PK-4,1,"2,850.00","4,999.00",0,25102024
460,ASMATHUIIA,1002035,FILLER INDIYN LADIES SHOE-GN-5,1,"2,850.00","4,999.00",0,25102024
461,ASMATHUIIA,1002036,FILLER INDIYN LADIES SHOE-BU-5,1,"2,850.00","4,999.00",0,25102024
462,ASMATHUIIA,1002038,FILLER INDIYN LADIES SHOE-BU-6,1,"2,850.00","4,999.00",0,25102024
463,ASMATHUIIA,1002039,PVR GOLD INDIYN LADIES SHOE- P RO-7,2,"2,850.00","4,999.00",0,25102024
464,ASMATHUIIA,1002040,ZEKKER INDIYN LADIES SHOE- PK-8,1,"2,850.00","4,999.00",0,25102024
465,ASMATHUIIA,1002044,LIZA INDIYN LADIES SHOE-BL P-12,1,"2,850.00","4,999.00",0,25102024
466,ASMATHUIIA,1002045,LIZA INDIYN LADIES SHOE-O PK-12,1,"2,850.00","4,999.00",0,25102024
467,ASMATHUIIA,1002047,LIZA INDIYN LADIES SHOE-O PK-14,1,"2,850.00","4,999.00",0,25102024
468,ASMATHUIIA,1002050,ADIDAS LADIES SNEAKERS SHOE-L GN-15,1,"3,200.00","5,999.00",0,25102024
469,ASMATHUIIA,1002051,ADIDAS LADIES SNEAKERS SHOE-L BU-15,1,"3,200.00","5,999.00",0,25102024
470,KKY SHOE,1002052,B-O1 HAIF SHIE - PK,1,"1,400.00","2,699.00",1,06032024
471,KKY SHOE,1002053,B-O1 HAIF SHIE - BU,1,"1,400.00","2,699.00",1,06032024
472,KKY SHOE,1002057,B-O2 FULL SHIE - MR,1,"1,500.00","2,899.00",1,06032024
473,KKY SHOE,1002063,B-O2 FULL SHIE - PK,1,"1,500.00","2,899.00",1,06032024
474,ASMATHUIIA,1002065, FILA SHOE INDIA 11-01 - BU,1,"2,650.00","4,699.00",0,25102024
475,ASMATHUIIA,1002066, ADIDAS SHOE INDIA 11-01 - BU,1,"2,650.00","4,699.00",0,251020241
476,ASMATHUIIA,1002068, NIKE SHOE INDIA 11-01 - BU- GN,1,"2,650.00","4,699.00",0,25102024
477,ASMATHUIIA,1002075,NIKE SHOE INDIA -2-5 - GY BL,1,"2,750.00","4,699.00",0,25102024
478,ASMATHUIIA,1002078,FONZO SHOE INDIA -2-5 - GN GY,1,"2,750.00","4,699.00",0,25102024
479,LIBERTY SHOE - KANDY,1002079,GENTS CHAPPAL-3066,11,645.00,"1,499.00",0,25102024
480,LIBERTY SHOE - KANDY,1002080,GENTS CHAPPAL-3073,2,645.00,"1,499.00",0,25102024
481,LIBERTY SHOE - KANDY,1002082,GENTS TWO STRAP ADIDAD - 2250,9,890.00,"1,999.00",0,25102024
482,LIBERTY SHOE - KANDY,1002083,GENTS SPORT -3650,69,790.00,"1,699.00",0,25102024
483,LIBERTY SHOE - KANDY,1002084,BIG HERO BATA -10,2,790.00,"1,199.00",0,25102024
484,LIBERTY SHOE - KANDY,1002087,F16680S GRILS S  TWO STEP,1,875.00,"1,899.00",0,25102024
486,SATHATH SIR,1002091,845511-02GRY10-L,1,"1,150.00","2,199.00",0,25102024
488,SATHATH SIR,1002101,825001-02BLU,1,900.00,"1,899.00",0,25102024
489,SATHATH SIR,1002102,825001-02BLU-M,2,"1,000.00","1,999.00",0,25102024
490,SATHATH SIR,1002103,825001-02BLU-L,1,"1,100.00","1,999.00",0,22102024
492,SATHATH SIR,1002104,825001-02BLU-XL,2,"1,200.00","2,099.00",0,25102024
494,MAINSOR VKC,1002110,AB SHOE -AB00 - BL,2,900.00,"2,199.00",1,10032024
495,MAINSOR VKC,1002111,AB SHOE -AB00 - BU,2,900.00,"2,199.00",0,25102024
496,MAINSOR VKC,1002112,BIGG KIDS INDIAN LOAFER SHOE -BL,7,"2,300.00","3,999.00",0,25102024
497,MAINSOR VKC,1002113,BIGG KIDS INDIAN LOAFER SHOE -BU,10,"2,300.00","3,999.00",0,25102024
498,MAINSOR VKC,1002114,BIGG KIDS INDIAN LOAFER SHOE -BR,6,"2,300.00","3,999.00",0,25102024
499,MAINSOR VKC,1002115,BIGG KIDS INDIAN LOAFER SHOE -TN,5,"2,300.00","3,999.00",0,25102024
500,MAINSOR VKC,1002118,SUNNY GENTS SNEAKERS SHOE2305-3WT-GY,1,"5,450.00","8,999.00",0,25102024
501,MAINSOR VKC,1002120,SUNNY GENTS SNEAKERS SHOE2305-2WT,1,"5,450.00","8,999.00",0,21102024
502,ASMATHUIIA,1002124,RED BULL NIKE SHOE INDIA- 02 BU,1,"3,650.00","7,399.00",0,25102024
503,ASMATHUIIA,1002129,RED BULL ADIDAS SHOE INDIA- 03 BL,1,"3,650.00","7,399.00",0,25102024
504,ASMATHUIIA,1002131,RED BULL MOTIN SHOE INDIA- 04 GY,1,"3,650.00","7,399.00",0,25102024
506,ASMATHUIIA,1002135,NIKE DEATH SHOE THAILAND - BL,1,"2,950.00","5,999.00",0,25102024
507,ASMATHUIIA,1002137,ABACA INDYN-A 157- PK,1,"2,250.00","3,399.00",0,25102024
508,ASMATHUIIA,1002140,CYBERLADY INDYN-1186- BU,1,"2,250.00","3,399.00",0,25102024
509,ASMATHUIIA,1002141,CYBERLADY INDYN-1186- MR,1,"2,250.00","3,399.00",0,25102024
510,ASMATHUIIA,1002142,CYBERLADY INDYN-1186- GN,1,"2,250.00","3,399.00",0,25102024
511,ASMATHUIIA,1002144,CYBERLADY INDYN-1159- BR GD,1,"2,450.00","3,399.00",0,25102024
512,ASMATHUIIA,1002146,ABACA INDYN-A 302 - BR,1,"2,450.00","3,599.00",1,11032024
513,ASMATHUIIA,1002147,ABACA INDYN-A 009- BL,1,"2,450.00","3,599.00",1,11032024
514,ASMATHUIIA,1002148,ABACA INDYN-A 305- BL BL,1,"2,550.00","3,699.00",1,11032024
515,ASMATHUIIA,1002149,ABACA INDYN-A 188- GY,1,"2,450.00","3,399.00",0,25102024
516,ASMATHUIIA,1002150,ABACA INDYN-A 237- BL,1,"2,250.00","3,399.00",1,11032024
517,ASMATHUIIA,1002151,CYBERLADY INDYN-1194- BL,1,"2,400.00","3,399.00",0,25102024
518,ASMATHUIIA,1002152,ABACA INDYN-A-184- BR,1,"2,300.00","3,399.00",0,25102024
519,ASMATHUIIA,1002153,CYBERLADY INDYN CHAPPAL-1086- BL,1,"2,250.00","3,299.00",0,25102024
520,ASMATHUIIA,1002154,ABACA INDYN CHAPPAL-A-174 - BL,1,"2,250.00","3,299.00",0,25102024
521,ASMATHUIIA,1002155,ABACA INDYN CHAPPAL-A-174 - BL BG,1,"2,250.00","3,299.00",0,25102024
522,ASMATHUIIA,1002156,ABACA INDYN CHAPPAL-A-172 - BU,1,"2,300.00","3,299.00",0,25102024
523,ASMATHUIIA,1002157,ABACA INDYN CHAPPAL-A-172 - BR,1,"2,300.00","3,299.00",0,25102024
524,ASMATHUIIA,1002158,CYBERLADY INDYN CHAPPAL-1210- PK,1,"2,250.00","3,299.00",0,25102024
525,ASMATHUIIA,1002160,CYBERLADY INDYN CHAPPAL-1074 GN,1,"2,250.00","3,299.00",0,25102024
526,ASMATHUIIA,1002161,CYBERLADY INDYN CHAPPAL-1074 BL,1,"2,250.00","3,299.00",0,25102024
527,ASMATHUIIA,1002162,CYBERLADY INDYN CHAPPAL-1197 PL,1,"2,400.00","3,399.00",0,25102024
528,ASMATHUIIA,1002163,CYBERLADY INDYN -1250 BR,1,"2,400.00","3,499.00",1,11032024
529,ASMATHUIIA,1002164,ABACA INDYN -A 010 -  BL,1,"2,450.00","3,499.00",1,11032024
530,ASMATHUIIA,1002165,ABACA INDYN -A 003 -  BL,1,"2,450.00","3,499.00",1,11032024
531,ASMATHUIIA,1002166,ABACA INDYN -A 003 -  BR,1,"2,450.00","3,499.00",1,11032024
532,ASMATHUIIA,1002167,ABACA INDYN -A 003 -  PK,1,"2,450.00","3,499.00",1,11032024
533,ASMATHUIIA,1002168,ABACA INDYN -A 004 -  BL,1,"2,450.00","3,499.00",1,11032024
534,ASMATHUIIA,1002169,ABACA INDYN -A 004 -  BR,1,"2,450.00","3,499.00",1,11032024
535,ASMATHUIIA,1002170,ABACA INDYN -A 004 -  PK,1,"2,450.00","3,499.00",1,11032024
536,ASMATHUIIA,1002172,CYBERLADY  SANDALS INDYN -1097 BU,1,"2,400.00","3,399.00",0,25102024
537,ASMATHUIIA,1002173,CYBERLADY  SANDALS INDYN -1076 GN,1,"2,400.00","3,399.00",0,25102024
538,ASMATHUIIA,1002174,CYBERLADY  SANDALS INDYN -1239 PK,1,"2,400.00","3,399.00",1,12032024
539,ASMATHUIIA,1002175,ABACA SANDALS INDYN -A-179 BL PK,1,"2,450.00","3,499.00",1,12032024
540,ASMATHUIIA,1002176,ABACA SANDALS INDYN -A-179 BL BU,1,"2,450.00","3,499.00",1,12032024
541,ASMATHUIIA,1002177,ABACA SANDALS INDYN -A-224 BR,1,"2,550.00","3,499.00",1,12032024
542,ASMATHUIIA,1002178,ABACA SANDALS INDYN -A-304 L BU,1,"2,550.00","3,499.00",1,12032024
543,ASMATHUIIA,1002179,CYBERLADY INDYN -1202 GD,1,"2,600.00","3,699.00",1,12032024
544,ASMATHUIIA,1002180,CYBERLADY INDYN -1042 GD,1,"2,600.00","3,699.00",1,12032024
545,ASMATHUIIA,1002181,ABACA GENTS SOFT INDYN -A 5009 - BL,2,"2,550.00","3,699.00",1,12032024
546,ASMATHUIIA,1002182,ABACA GENTS SOFT INDYN -A 5025- BL TN,1,"2,550.00","3,699.00",1,12032024
547,SILVER SHIELD - SOCKS,1002186,BABY SHOE - RD,3,"1,550.00","2,499.00",0,24102024
550,SILVER SHIELD - SOCKS,1002189,BABY SHOE -  SOCKS,3,950.00,"1,699.00",0,26102024
551,SILVER SHIELD - SOCKS,1002190,GIRL S FASHION SOCKS -O-1,12,250.00,499.00,1,13032024
552,SILVER SHIELD - SOCKS,1002191,GIRL S FASHION SOCKS -2-5,12,250.00,499.00,1,13032024
554,ANSEL NIZAMDEEN KKY,1002196,VKC GENTS TWO STEP 3325 -11-12 BL,3,"1,761.75","2,599.00",0,13032024
555,ANSEL NIZAMDEEN KKY,1002197,VKC GENTS TWO STEP 3325 -11-12 BR,3,"1,761.75","2,599.00",0,13032024
557,ANSEL NIZAMDEEN KKY,1002212,VKC GENTS COVER TYPE 4357- BL,1,"1,797.25","2,599.00",0,25102024
559,ANSEL NIZAMDEEN KKY,1002223,VKC LEDIES TWO STEP 475 BU,1,"1,574.25","2,399.00",0,25102024
560,ANSEL NIZAMDEEN KKY,1002224,VKC LEDIES TWO STEP 475 BL,3,"1,574.25","2,399.00",0,25102024
562,ANSEL NIZAMDEEN KKY,1002231,VKC BOYS COVER SYPE 3659 BR,2,"1,499.25","2,399.00",0,25102024
563,ANSEL NIZAMDEEN KKY,1002232,VKC KIDS SANDALS 3842- 8-10 -MR,9,"1,199.25","1,899.00",1,13032024
564,ANSEL NIZAMDEEN KKY,1002233,VKC KIDS SANDALS 3842- 11-13 -MR,1,"1,236.75","1,999.00",0,13032024
565,ANSEL NIZAMDEEN KKY,1002236,VKC BOYS SHOE 3720- 8-10 -BL,1,"1,199.25","1,899.00",0,13032024
566,ANSEL NIZAMDEEN KKY,1002237,VKC BOYS SHOE 3720- 11-13-BL,4,"1,274.25","1,999.00",0,13032024
567,ASMATHUIIA,1002238,LIZA INDIYN LADIES SHOE-GY GY-15,1,"2,750.00","4,999.00",0,25102024
568,ASMATHUIIA,1002240,LIZA INDIYN LADIES SHOE-GN GN-17,1,"2,750.00","4,999.00",0,25102024
569,ASMATHUIIA,1002241,PVR GOLD INDIYN LADIES SHOE- BU-3,1,"2,750.00","4,999.00",0,25102024
571,NEW FASHION,1002247,NEW FASHION SQ13 GRN - 571,1,"2,050.00","3,399.00",1,19032024
572,NEW FASHION,1002248,NEW FASHION 3518 GY - 572,1,"1,650.00","2,899.00",1,19032024
573,NEW FASHION,1002249,NEW FASHION 3518 BR - 573,1,"1,650.00","2,899.00",1,19032024
575,NEW FASHION,1002251,NEW FASHION 453 BG - 575,1,"1,650.00","2,899.00",1,19032024
576,NEW FASHION,1002253,NEW FASHION 130 BG - 577,1,"1,750.00","2,999.00",1,19032024
577,NEW FASHION,1002254,NEW FASHION 130 BL - 578,1,"1,750.00","2,999.00",1,19032024
578,NEW FASHION,1002255,NEW FASHION 130 DGR - 579,1,"1,750.00","2,999.00",1,19032024
579,NEW FASHION,1002256,NEW FASHION 130 MR- 580,1,"1,750.00","2,999.00",1,19032024
580,NEW FASHION,1002257,NEW FASHION CB02 GY - 581,1,"2,100.00","3,499.00",1,19032024
581,NEW FASHION,1002258,NEW FASHION G02 BG - 582,1,"1,975.00","3,499.00",1,19032024
582,NEW FASHION,1002260,NEW FASHION G03 GRN - 584,1,"1,975.00","3,499.00",1,19032024
583,NEW FASHION,1002261,NEW FASHION G09 BU - 585,1,"1,975.00","3,499.00",1,19032024
584,NEW FASHION,1002262,NEW FASHION G09 LBR - 586,1,"1,975.00","3,499.00",1,19032024
585,NEW FASHION,1002264,NEW FASHION 119 BU - 588,1,"1,650.00","2,899.00",1,13032024
586,NEW FASHION,1002266,NEW FASHION 0077 BU - 590,1,900.00,"2,199.00",1,19032024
587,NEW FASHION,1002267,NEW FASHION 457 BU - 591,1,"1,650.00","2,899.00",1,19032024
588,NEW FASHION,1002268,NEW FASHION 457 MR - 592,1,"1,650.00","2,899.00",1,19032024
589,NEW FASHION,1002269,NEW FASHION 3903 OWT - 593,1,"1,600.00","2,999.00",1,19032024
590,NEW FASHION,1002270,NEW FASHION 3903 GRN - 594,1,"1,600.00","2,999.00",1,19032024
591,NEW FASHION,1002271,NEW FASHION 3903 LGR- 595,1,"1,600.00","2,999.00",1,19032024
592,NEW FASHION,1002274,NEW FASHION SQO4 BU - 598,1,"2,050.00","3,499.00",1,19032024
594,NEW FASHION,1002276,NEW FASHION SQO7 GRN - 600,1,"2,050.00","3,499.00",1,19032024
595,NEW FASHION,1002277,NEW FASHION SQO7 PK - 601,1,"2,050.00","3,499.00",1,19032024
596,NEW FASHION,1002278,NEW FASHION 452 BR - 602,1,"1,650.00","2,999.00",1,19032024
597,NEW FASHION,1002279,NEW FASHION 452 BG - 603,1,"1,650.00","2,999.00",1,19032024
598,NEW FASHION,1002280,NEW FASHION 4514 GRN - 604,1,"1,750.00","3,299.00",1,19032024
599,NEW FASHION,1002281,NEW FASHION RO23 MR - 605,1,"1,650.00","2,999.00",1,19032024
600,NEW FASHION,1002282,NEW FASHION 4147 BL - 606,1,"1,500.00","2,799.00",1,19032024
601,NEW FASHION,1002283,NEW FASHION 4147 OWT - 607,1,"1,500.00","2,799.00",1,19032024
602,NEW FASHION,1002284,NEW FASHION 2024 BL - 608,1,"1,700.00","3,299.00",1,19032024
603,NEW FASHION,1002285,NEW FASHION 2022 BG - 609,1,"1,700.00","3,299.00",1,19032024
606,NEW FASHION,1002288,NEW FASHION R011 BG - 612,1,"1,650.00","2,999.00",1,19032024
607,NEW FASHION,1002289,NEW FASHION 1101 BL - 613,1,"1,750.00","3,399.00",1,19032024
608,NEW FASHION,1002290,NEW FASHION 4501 BR - 614,1,"1,750.00","3,299.00",1,19032024
609,NEW FASHION,1002291,NEW FASHION 4501 BL - 615,1,"1,750.00","3,299.00",1,19032024
610,NEW FASHION,1002292,NEW FASHION 117 GY - 616,1,"1,650.00","3,299.00",1,19032024
611,NEW FASHION,1002293,NEW FASHION G010 BL - 617,1,"1,975.00","3,499.00",1,19032024
612,NEW FASHION,1002296,NEW FASHION 1544 BG - 620,1,800.00,"1,899.00",1,19032024
613,NEW FASHION,1002297,NEW FASHION 1544 BL - 621,1,800.00,"1,899.00",1,19032024
614,NEW FASHION,1002298,NEW FASHION 1543 GRN - 622,1,800.00,"1,899.00",1,21032024
615,BELT NANA CO,1002299,AUTO LOCK GENTS BELT,3,525.00,"1,399.00",0,21032024
616,BELT NANA CO,1002300,PRSS LOCK GENTS BELT,3,465.00,"1,299.00",0,21032024
617,BELT NANA CO,1002301,CASUAL  GENTS BELT,3,550.00,"1,499.00",0,21032024
618,BELT NANA CO,1002302,GENUINE LEATHER BELTS XXL,3,"1,700.00","2,999.00",0,21032024
619,BELT NANA CO,1002303,CASUAL GENUINE LEATHER BELTS,13,"2,200.00","3,699.00",0,21032024
620,BELT NANA CO,1002304, GENUINE LEATHER BELTS -006,27,"1,600.00","2,999.00",0,21032024
621,BELT NANA CO,1002305, GENUINE WALLETS PO LEATHER -27,10,"1,450.00","2,699.00",0,21032024
622,BELT NANA CO,1002306,MONT BLANC WALLETS PO LEATHER ,11,"1,600.00","2,949.00",1,21032024
623,BELT NANA CO,1002307,LACOSTE WALLETS PO LEATHER ,5,"1,600.00","2,949.00",0,21032024
624,BELT NANA CO,1002308,GENUINE WALLETS  ALVIV -8,5,750.00,"1,699.00",0,21032024
625,BELT NANA CO,1002309,GENUINE WALLETS  CARD -5,2,700.00,"1,699.00",0,21032024
626,BELT NANA CO,1002310,CARD GENUINE WALLETS  ,13,700.00,"1,499.00",0,21032024
628,BELT NANA CO,1002312,BOYS BELTS-18,1,375.00,899.00,1,21032024
629,BELT NANA CO,1002313,BOYS BELTS-19,3,400.00,999.00,1,21032024
630,KAPPER KKY,1002318,BIG BOOS BOYS BATA,5,400.00,899.00,0,21102024
631,SILVER SHIELD - SOCKS,1002329,FASHION GIRLC COCKS  - 1-3,30,350.00,549.00,0,26102024
632,SILVER SHIELD - SOCKS,1002330,FASHION GIRLC COCKS  - 0-1,36,350.00,549.00,0,26102024
633,SILVER SHIELD - SOCKS,1002331, MEN S FASHION  SOCKS,15,300.00,599.00,0,26102024
634,MIRSHATH AB KKY,1002342,AB WALK BV1003-1125-BU,2,"1,125.00","1,899.00",0,25102024
635,MIRSHATH AB KKY,1002343,AB WALK BV1003-1125-TN,4,"1,125.00","1,899.00",0,25102024
636,ASMATHUIIA,1002344, INDYIN BOYS SANDALS ,3,"1,650.00","2,699.00",0,25102024
637,ASMATHUIIA,1002345,NIDYIN KIDS SANDALS - B RO,2,"1,450.00","2,499.00",0,25102024
638,ASMATHUIIA,1002346,NIDYIN KIDS SANDALS - PK,2,"1,450.00","2,499.00",0,25102024
639,ASMATHUIIA,1002347,NIDYIN KIDS SANDALS - GY,1,"1,450.00","2,499.00",0,25102024
640,ASMATHUIIA,1002348,NIDYIN KIDS SANDALS - L BU,1,"1,450.00","2,499.00",0,25102024
641,ASMATHUIIA,1002349,NIDYIN KIDS SHOE - RD,2,"1,800.00","2,899.00",0,25102024
642,ASMATHUIIA,1002352,NIDYIN KIDS SHOE - GY,1,"1,800.00","2,899.00",0,25102024
643,ASMATHUIIA,1002353,INDIAN PARTY SANDALS -L BU,1,"1,900.00","2,999.00",0,25102024
644,ASMATHUIIA,1002354,INDIAN PARTY SANDALS - O WT,1,"1,900.00","2,999.00",0,25102024
645,ASMATHUIIA,1002355,INDIAN KIDS LIGHT SHOE,3,"1,950.00","3,499.00",0,25102024
646,ASMATHUIIA,1002356,INDIAN KIDS BOOTS - MR,1,"1,800.00","3,299.00",0,25102024
647,ASMATHUIIA,1002357,INDIAN KIDS BOOTS - BR,1,"1,800.00","3,299.00",0,25102024
648,ASMATHUIIA,1002358,INDIAN KIDS BOOTS - BL,1,"1,800.00","3,299.00",0,25102024
649,ASMATHUIIA,1002360,INDIAN KIDS BOOTS - TN,1,"1,800.00","3,299.00",0,25102024
651,ASMATHUIIA,1002368,WALKAROO WG 5096 - BL,3,"2,100.00","3,399.00",0,25102024
655,ASMATHUIIA,1002376,WALKAROO GL 198 - BU,1,"1,700.00","2,899.00",0,25102024
656,ASMATHUIIA,1002377,WALKAROO W 187 - PL,1,"1,750.00","2,899.00",0,25102024
657,ASMATHUIIA,1002378,WALKAROO BT 2314 - BL,1,"2,050.00","2,999.00",0,25102024
658,ASMATHUIIA,1002379,WALKAROO SANDALS WL 7842 -PL,1,"2,150.00","3,399.00",1,29032024
660,ASMATHUIIA,1002382,WALKAROO SANDALS WL 7834 - BU,1,"2,100.00","3,399.00",1,29032024
661,ASMATHUIIA,1002398,SABRUNA COURT SHOE - O WT,1,"1,800.00","2,999.00",0,25102024
662,ASMATHUIIA,1002400,SABRUNA COURT SHOE - O2 PK,1,"1,800.00","2,999.00",0,25102024
663,ASMATHUIIA,1002404,SABRUNA COURT SHOE - O6 BU,2,"2,100.00","3,299.00",0,25102024
666,ASMATHUIIA,1002407,SABRUNA COURT SHOE - O9 PK,1,"2,100.00","3,299.00",0,25102024
667,ASMATHUIIA,1002409,SABRUNA COURT SHOE - 11 MD,2,"2,100.00","3,299.00",0,25102024
668,ASMATHUIIA,1002411,INDIAN PARTY SANDALS - 02 WT BU,1,"2,100.00","3,299.00",0,25102024
670,ASMATHUIIA,1002413,INDIAN PARTY SANDALS - 04 PL,1,"1,900.00","2,999.00",0,25102024
671,SABRIN EARUR,1002414,FIFA KIDS SANDALS  C30 - BL,3,"1,150.00","2,299.00",0,25102024
672,SABRIN EARUR,1002415,FIFA KIDS SANDALS  C30 - BU,4,"1,150.00","2,299.00",0,25102024
673,KAPPER KKY,1002418,GENTS CHAPPAL 1932 - BL,2,"1,100.00","1,999.00",0,25102024
674,KAPPER KKY,1002420,FINE RICH  02 -1050-BL,1,"1,050.00","2,299.00",0,25102024
675,SABRIN EARUR,1002425,TOMMY TWO STEP BOYS - BL RD,5,950.00,"1,699.00",0,25102024
676,SABRIN EARUR,1002433,FIFA KIDS PO S  C50 - BR,7,"1,150.00","2,299.00",0,25102024
677,SABRIN EARUR,1002434,FIFA KIDS PO S  C50 - BL,4,"1,150.00","2,299.00",0,25102024
678,KAPPER KKY,1002439,LADIES WALLETS -45,3,680.00,"1,399.00",0,07042024
679,NEW FASHION,1002444,NEW FASHION 5534 BU - 623,10,"1,750.00","2,999.00",1,08042024
680,KKY SUBAIR NANA,1002451,KADAM BOYS SANDALS,9,600.00,"1,399.00",0,25102024
681,KKY SUBAIR NANA,1002452,KADAM  TWO STEP,6,600.00,"1,399.00",0,25102024
682,KKY SUBAIR NANA,1002454,FLAT LEDIES TWO STEP,6,675.00,"1,399.00",0,30062024
683,KKY SUBAIR NANA,1002455,EVEREST FLAT LEDIES TWO STEP,13,675.00,"1,399.00",0,25102024
684,WAMIK KVC,1002466,KVC  11030 BL - 7-10,4,"1,394.00","2,699.00",0,25102024
686,WAMIK KVC,1002468,KVC  11030 BR- 7-10,3,"1,394.00","2,699.00",0,25102024
687,WAMIK KVC,1002469,KVC  11090 BL- 7-10,1,"1,394.00","2,699.00",0,25102024
689,WAMIK KVC,1002473,GAMBOL TWO STEP - BU,6,"1,600.00","2,799.00",0,25102024
692,WAMIK KVC,1002475,APL TWO STEP -MR,1,"1,600.00","2,799.00",0,22102024
693,WAMIK KVC,1002476,APL TWO STEP -GY,2,"1,600.00","2,799.00",0,25102024
697,NAZAR NANA - OD,1002482,WALKAROO BT 4274,2,"1,500.00","2,999.00",0,26102024
699,NAZAR NANA - OD,1002484,WALKAROO BX 1260 ,1,"1,500.00","2,699.00",1,09102024
700,NAZAR NANA - OD,1002485,WALKAROO BX 1021,3,"1,500.00","2,699.00",1,09102024
701,NAZAR NANA - OD,1002486,WALKAROO WG 5007,4,"1,500.00","2,699.00",1,09102024
703,NAZAR NANA - OD,1002488,WALKAROO BX 2654 GY,2,"1,500.00","2,999.00",1,09102024
704,NAZAR NANA - OD,1002489,WALKAROO BX 2654 PK,3,"1,500.00","2,999.00",1,09102024
707,NATURAL WONDERS - AHBITH,3412245810028,ADIDAS PURE - 50ML,1,850.00,"1,090.00",5,10022023
708,SILVER SHIELD - SOCKS,4005074438182,KUNERT MAN SOCKS,31,200.00,499.00,0,26102024
709,ENCHANTEUR - UTN TRADING,4035773011027,YARDLEY EQUITY BODY SPRAY 150ML,1,"1,270.75","1,495.00",1,08072023
711,SILVER SHIELD - SOCKS,4044019870120,BLACK SOCKS - L,29,180.00,399.00,0,26102024
713,FAITH ENTERPRISES - 21 CREAM,4260046679080,CREME21 BODY MILK 250ML,2,"1,360.00","1,600.00",5,10022023
714,FAITH ENTERPRISES - 21 CREAM,4260046679240,CREME21 ALL DAY CREAM 50ML,1,382.50,450.00,5,10022023
715,FAITH ENTERPRISES - 21 CREAM,4260046679363,CREME21 MOISTURIZING CREAM 50ML,1,382.50,450.00,5,10022023
716,FAITH ENTERPRISES - 21 CREAM,4260046679400,CREME21 MOISTURIZING CREAM 150ML,1,841.50,"1,350.00",5,10022023
717,JANET NISHAN,4791097043549,GREEN GARDEN PERFUMED DEODARANT 50ML,1,680.00,800.00,0,26022024
720,JANET NISHAN,4791097043570,LILAC MIST PERFUMED DEODARANT 50ML,1,680.00,800.00,0,26022024
721,JANET NISHAN,4791097043648,GREEN GARDEN PERFUMED DEODARANT 30ML,4,450.50,530.00,0,26022024
722,JANET NISHAN,4791097043679,LILAC MIST PERFUMED DEODARANT 30ML,1,450.50,530.00,0,26022024
724,JANET NISHAN,4791097046724,MARS XTREME FOR MEN 50ML,1,646.00,800.00,1,26022024
727,FAITH ENTERPRISES - 21 CREAM,4793001024378,GLOWING BODY LOTION 275ML,5,483.80,590.00,0,10022023
728,POLO ,4793001024439,FACE WASH TEA TREE 100ML,4,286.00,390.00,1,22032023
729,POLO ,4793001024446,FACE WASH GOLD 100ML,2,366.00,470.00,1,22032023
730,POLO ,4793001024453,FACE WASH TURMERIC 100ML,1,286.00,390.00,1,22032023
731,KAPPER KKY,4793001255055,MALTEX UMBRELLA LADIES,2,"1,170.40","1,540.00",0,11022023
732,SUNBERELLA CO PVT-LTD KISHO,4796007571204,NORMAL LARGE - PRINTED1001,4,855.50,"1,180.00",0,11022023
733,SUNBERELLA CO PVT-LTD KISHO,4796007571211,NORMAL LARGE - SILVER1008,5,870.00,"1,200.00",0,11022023
734,SUNBERELLA CO PVT-LTD KISHO,4796007571235,SUPER MINI - PRINTED2001,12,"1,015.00","1,400.00",0,11022023
735,MY FRESH,4796011310011,MY FRESH GEL STRAWBERRY 50G,1,212.50,250.00,0,28102024
736,MY FRESH,4796011310028,MY FRESH GEL ENGLISHA ROSE 50G,3,212.50,250.00,0,28102024
737,MY FRESH,4796011310035,MY FRESH GEL LAVENDER 50G,2,204.00,240.00,0,10022023
738,MY FRESH,4796011310042,MY FRESH GEL JASMINE 50G,3,204.00,240.00,1,10012024
739,MY FRESH,4796011310059,MY FRESH STRAWBERRY 100G,3,331.50,390.00,0,10022023
740,MY FRESH,4796011310066,MY FRESH ENGLISH ROSE 100G,2,331.50,390.00,0,10022023
741,MY FRESH,4796011310073,MY FRESH LAVENDER 100G,1,331.50,390.00,1,10022023
742,MY FRESH,4796011310080,MY FRESH LEMON 100G,3,331.50,390.00,1,10022023
743,MY FRESH,4796011310479,MY FRESH GEL JASMINE 50G,3,212.50,250.00,0,28102024
744,BELLOSE LANKA PVT LTD,4796015292764,ROMANTRA VENUST,1,"1,194.00","1,990.00",0,08052023
746,BELLOSE LANKA PVT LTD,4796015293167,DEARO COOL,1,586.50,690.00,0,08052023
747,BELLOSE LANKA PVT LTD,4796015293174,DEARO GUARDIAN,3,586.50,690.00,0,08052023
748,BELLOSE LANKA PVT LTD,4796015293181,DEARO FRESH PETALS,3,586.50,690.00,0,26032024
749,BELLOSE LANKA PVT LTD,4796015293198,DEARO TEEN,2,586.50,690.00,0,08052023
750,BELLOSE LANKA PVT LTD,4796015293204,DEARO BOOSTER,5,586.50,690.00,0,08052023
751,BELLOSE LANKA PVT LTD,4796015293211,DEARO PETALS,3,368.00,460.00,0,11052023
752,BELLOSE LANKA PVT LTD,4796015293228,DEARO GUARDIAN,2,374.00,440.00,1,11052023
753,BELLOSE LANKA PVT LTD,4796015293235,DEARO PETALS,6,374.00,440.00,0,11052023
754,BELLOSE LANKA PVT LTD,4796015293242,DEARO COOL,1,368.00,460.00,1,11052023
755,BELLOSE LANKA PVT LTD,4796015293259,DEARO TEEN,9,374.00,440.00,0,11052023
756,BELLOSE LANKA PVT LTD,4796015293266,DEARO BOOSTER,5,374.00,440.00,0,11052023
758,BELLOSE LANKA PVT LTD,4796015293655,ROMANTRA AMBERLY,1,"1,512.00","1,890.00",1,05042023
760,BELLOSE LANKA PVT LTD,4796015293679,ROMANTRA MAGNIFIQUE,6,"1,254.00","2,090.00",0,11052023
761,BELLOSE LANKA PVT LTD,4796015293686,"ROMANTRA L, AMOUR",1,"1,592.00","1,990.00",1,05042023
762,BELLOSE LANKA PVT LTD,4796015294751,DEARO MEN,1,374.00,440.00,0,26032024
766,BELLOSE LANKA PVT LTD,4796015294805,VICOLE LAVENDER DREAMS 50ML,2,833.00,980.00,0,26032024
769,BELLOSE LANKA PVT LTD,4796015294836,VICOLE MIDNIGHT MOON 50ML,2,833.00,980.00,1,26032024
770,SILVER SHIELD - SOCKS,4796021170162,BLACK SOCKS - M,36,200.00,399.00,0,26102024
771,SILVER SHIELD - SOCKS,4796021180161,TWO TONE SOCKS - S,43,180.00,350.00,0,26102024
772,SILVER SHIELD - SOCKS,4796021190160,TWO TONE SOCKS - CM,29,180.00,399.00,0,26102024
773,SITHU GARMENT,4796021800052,MINI BY CINDY 0-3,5,450.00,699.00,5,14022023
774,SITHU GARMENT,4796021800069,MINI BY CINDY 3-6,5,450.00,699.00,5,14022023
775,SITHU GARMENT,4796021800076,MINI BY CINDY 6-9,7,450.00,699.00,5,14022023
776,SITHU GARMENT,4796021800083,MINI BY CINDY 9-12,6,450.00,699.00,5,1402203
777,MY FRESH,4796026930082,CENTURY SHOE LIQUID BLACK - 75ML,7,331.50,390.00,0,29102024
778,MY FRESH,4796026930105,CENTURY SHOE LIQUID CANVAS WHITE - 120G,5,127.50,150.00,0,11022023
779,MY FRESH,4796026930129,CENTURY SHOE CARE DARK TAN - 36G,6,289.00,340.00,0,26082024
780,MY FRESH,4796026930136,CENTURY SHOE CARE BLACK - 36G,23,289.00,340.00,0,11022023
783,MY FRESH,4796026930174,MY FRESH LAVENDERA 150ML,1,272.00,320.00,0,26102024
784,MY FRESH,4796026930181,MY FRESH JASMINE 150ML,2,272.00,320.00,0,26102024
786,MY FRESH,4796026930204,MY FRESH JASMINE 45GA,3,212.50,250.00,0,26082024
787,MY FRESH,4796026930211,MY FRESH LAVENDER 45GA,1,212.50,250.00,0,26082024
788,MY FRESH,4796026930228,MY FRESH LOTUS 45GA,1,212.50,250.00,1,10012023
789,MY FRESH,4796026930235,SHOE BRUSM LARGE,11,204.00,240.00,0,26102024
790,MY FRESH,4796026930334,MY FRESH STRAWBERRY 45GA,2,212.50,250.00,1,10012024
791,MY FRESH,4796026930389,HAND WASH,2,484.50,570.00,1,06032023
792,MY FRESH,4796026930518,GLASS CLEANER,2,408.00,480.00,2,06032023
793,MY FRESH,4796026930525,CENTURY SHOE LIQUID BROWN - 40ML,4,221.00,260.00,0,26102024
794,MY FRESH,4796026930631,SHOE BRUSM SMALL,10,161.50,190.00,0,26102024
795,MY FRESH,4796026930723,CENTURY SHOE LIQUID WHITE - 40ML,23,221.00,260.00,0,29102024
796,MY FRESH,4796026930730,CENTURY SHOE LIQUID BLACK - 40ML,14,221.00,260.00,0,14092024
797,MY FRESH,4796026930952,CENTURY SHOE CARE BLACK - 23G,15,221.00,260.00,0,26082024
798,MY FRESH,4796026931003,MY FRESH POCKET ECO PINK,1,212.50,250.00,0,26082024
803,NATURAL WONDERS - AHBITH,5414666003292,PURE BLUE -100ML,1,"1,850.00","2,250.00",5,10022023
804,SILVER SHIELD - SOCKS,5806952169025,SPORTS SOCKS,29,300.00,599.00,0,26102024
805,KAPPER KKY,6291100635689,BLUE WOMEN -50MLA,1,550.00,"1,100.00",0,10022023
807,ENCHANTEUR - UTN TRADING,6297000442037,YARDLEY ARTHUR -150ML,1,"1,200.00","1,495.00",5,1022023
808,ENCHANTEUR - UTN TRADING,6297000442044,YARDLEY NAVY BODY SPRAY 150ML,1,"1,270.75","1,495.00",1,08072023
809,ENCHANTEUR - UTN TRADING,6297000442068,YARDLEY NAVY  PERFUMES 100ML,1,"4,165.00","4,900.00",1,08072023
810,SILVER SHIELD - SOCKS,6920951300018,SPORT BOYS SOCKS,47,250.00,499.00,0,26102024
811,SILVER SHIELD - SOCKS,6920951381079,SPORT  SOCKS BL,2,170.00,499.00,0,26102024
813,SILVER SHIELD - SOCKS,6933413466184,BALALA KID S SOCKS,14,250.00,499.00,0,26102024
814,SILVER SHIELD - SOCKS,6933413488070,BALALA SOCKS 9-15,2,250.00,399.00,0,26102024
815,SILVER SHIELD - SOCKS,6933413488087,BALALA CARS SOCKS,6,250.00,399.00,0,26102024
816,SILVER SHIELD - SOCKS,6935268509238,FASHION GIRLC COCKS  - 1-3,10,250.00,399.00,0,26102024
817,SILVER SHIELD - SOCKS,6937659210556,XIAOSHUAYU COTTON SOCKS,12,220.00,499.00,0,26102024
818,SILVER SHIELD - SOCKS,6937659211850,XIAOSHUAYU COTTON SOCKS,7,220.00,499.00,0,26102024
819,SILVER SHIELD - SOCKS,6937659211874,XIAOSHUAYU COTTON SOCKS,6,220.00,499.00,0,26102024
820,SILVER SHIELD - SOCKS,6939953500098,BABY SOCKS - 0-6,2,475.00,649.00,0,26102024
821,SILVER SHIELD - SOCKS,6939953530057,ZHONGYIGHUI SOCKS - 3-5,10,280.00,499.00,0,26102024
822,SILVER SHIELD - SOCKS,6970174118266,JIYUNGUO SOCKS,2,330.00,599.00,0,26102024
823,KAPPER KKY,777156156713,DIAMOND KIDS ,6,"1,092.00","1,400.00",5,11022023
824,KAPPER KKY,8149531586927,DIAMOND LADIES,1,959.40,"1,230.00",5,11022023
826,KAPPER KKY,8149531587047,DIAMOND BOYS L,1,"1,419.60","1,820.00",5,11022023
827,KAPPER KKY,8149531587078,DIAMOND KIDS ,2,904.80,"1,160.00",5,11022023
830,KAPPER KKY,8439627583344,MUSTANG A 22ML,1,350.00,499.00,1,17052023
834,POLO ,8718719850008,POLO SPORTS MEN DEO 175ML-RED,1,"1,805.00","2,390.00",0,22032023
835,POLO ,8718719850015,POLO SPORTS MEN DEO 175ML-WHITE,3,"1,805.00","2,390.00",1,22032023
836,POLO ,8718719850022,POLO SPORTS MEN DEO 175ML-BLUE,4,"1,805.00","2,390.00",0,22032023
837,POLO ,8718719850039,POLO SPORTS MEN DEO 175ML-BLACK,2,"1,805.00","2,390.00",0,22032023
838,POLO ,8718719850244,POLO WOMEN DEO 150ML-ORANGE,1,"1,705.00","2,290.00",1,22032023
839,POLO ,8718719850251,POLO WOMEN DEO 150ML-PINK,2,"1,705.00","2,290.00",1,22032023
840,POLO ,8718719850268,POLO WOMEN DEO 150ML-YELLOW,1,"1,705.00","2,290.00",0,22032023
841,POLO ,8718719850275,POLO WOMEN DEO 150ML-BLUE,1,"1,705.00","2,290.00",0,22032023
845,ENCHANTEUR - UTN TRADING,8888202018663,ENCH TALC CHARMING 50G,1,331.50,390.00,1,08072023
846,ENCHANTEUR - UTN TRADING,8888202018670,ENCH TALC ROMANTIC 50G,2,331.50,390.00,1,08072023
850,ENCHANTEUR - UTN TRADING,8888202032430,ENCHANTEUR BODY LOTION RAMANTIC 200ML,1,850.00,"1,060.00",5,10022023
851,ENCHANTEUR - UTN TRADING,8888202032447,ENCHANTEUR BODY LOTION ROMANTIC 100ML,1,646.00,760.00,1,08072023
852,ENCHANTEUR - UTN TRADING,8888202034588,ENCHANTEUR BODY LOTION ALLWUINE 100ML,1,400.00,535.00,5,10202023
853,ENCHANTEUR - UTN TRADING,8888202035165,ENCHANTEUR ENTICING -75ML,1,650.00,890.00,5,10022023
855,ENCHANTEUR - UTN TRADING,8888202052780,ENCH TALC ENTICING 50G,2,331.50,390.00,1,08072023
860,ENCHANTEUR - UTN TRADING,8992856895935,ENCH EDC TREASURE 100ML,2,701.25,825.00,1,08072023
862,ENCHANTEUR - UTN TRADING,8992856896703,ENCH EDC ROMANTIC 100ML,1,701.25,825.00,1,08072023
863,ENCHANTEUR - UTN TRADING,8992856896710,ENCH EDC CHARMING 100ML,1,701.25,825.00,1,08072023
864,MIRSHATH AB KKY,GF020806,DSI GENTS BEAT BATA,1,671.16,799.00,0,28102024
865,MIRSHATH AB KKY,GF021006,DSI LADIES BEAT BATA,2,671.16,799.00,0,28102024
867,KAPPER KKY,NC009208,ANSEL BLACK SHOE,2,"1,401.75","1,869.00",5,12022023
874,ANSEL NIZAMDEEN KKY,NF00410300,ANSEL NF0041 BLACK-3,2,"1,874.25","2,499.00",1,07022024
875,ANSEL NIZAMDEEN KKY,NF00420800,ANSEL NF0042 BLACK-08,1,"1,649.25","2,199.00",1,07022024
876,ANSEL NIZAMDEEN KKY,NF00420900,ANSEL NF0042 BLACK-09,4,"1,724.25","2,299.00",1,07022024
877,ANSEL NIZAMDEEN KKY,NF00421000,ANSEL NF0042 BLACK-10,1,"1,724.25","2,299.00",1,0702024
